order_id,user_id,eval_set,order_number,order_dow,order_hour_of_day,days_since_prior_order
2539329,1,prior,1,2,08,
2398795,1,prior,2,3,07,15
473747,1,prior,3,3,12,21
2254736,1,prior,4,4,07,29
431534,1,prior,5,4,15,28
3367565,1,prior,6,2,07,19
550135,1,prior,7,1,09,20
3108588,1,prior,8,1,14,14
2295261,1,prior,9,1,16,0
2550362,1,prior,10,4,08,30
1187899,1,train,11,4,08,14
2168274,2,prior,1,2,11,
1501582,2,prior,2,5,10,10
1901567,2,prior,3,1,10,3
738281,2,prior,4,2,10,8
1673511,2,prior,5,3,11,8
1199898,2,prior,6,2,09,13
3194192,2,prior,7,2,12,14
788338,2,prior,8,1,15,27
1718559,2,prior,9,2,09,8
1447487,2,prior,10,1,11,6
1402090,2,prior,11,1,10,30
3186735,2,prior,12,1,09,28
3268552,2,prior,13,4,11,30
839880,2,prior,14,3,10,13
1492625,2,train,15,1,11,30
1374495,3,prior,1,1,14,
444309,3,prior,2,3,19,9
3002854,3,prior,3,3,16,21
2037211,3,prior,4,2,18,20
2710558,3,prior,5,0,17,12
1972919,3,prior,6,0,16,7
1839752,3,prior,7,0,15,7
3225766,3,prior,8,0,17,7
3160850,3,prior,9,0,16,7
676467,3,prior,10,3,16,17
521107,3,prior,11,0,18,11
1402502,3,prior,12,1,15,15
2774568,3,test,13,5,15,11
3343014,4,prior,1,6,11,
2030307,4,prior,2,4,11,19
691089,4,prior,3,4,15,21
94891,4,prior,4,5,13,15
2557754,4,prior,5,5,13,0
329954,4,test,6,3,12,30
2717275,5,prior,1,3,12,
1909121,5,prior,2,0,16,11
2267326,5,prior,3,3,18,10
157374,5,prior,4,1,18,19
2196797,5,train,5,0,11,6
2086598,6,prior,1,5,18,
298250,6,prior,2,4,16,6
998866,6,prior,3,2,18,12
1528013,6,test,4,3,16,22
2565571,7,prior,1,3,09,
2402008,7,prior,2,1,19,30
121053,7,prior,3,0,18,30
1695742,7,prior,4,2,10,9
3321109,7,prior,5,5,18,3
1682003,7,prior,6,1,18,10
1014379,7,prior,7,1,15,7
776265,7,prior,8,2,12,8
2507052,7,prior,9,6,07,4
1396119,7,prior,10,1,20,9
565870,7,prior,11,0,15,6
3239072,7,prior,12,0,14,7
1175028,7,prior,13,5,15,5
3060817,7,prior,14,1,13,17
3120740,7,prior,15,3,16,2
2425840,7,prior,16,0,13,11
23391,7,prior,17,0,10,28
2984707,7,prior,18,0,09,7
369015,7,prior,19,3,12,3
2452257,7,prior,20,3,09,7
525192,7,train,21,2,11,6
600894,8,prior,1,6,00,
2979257,8,prior,2,1,08,30
2570360,8,prior,3,5,00,30
880375,8,train,4,1,14,10
280530,9,prior,1,1,17,
2762092,9,prior,2,0,14,6
1830137,9,prior,3,5,12,30
1094988,9,train,4,6,10,30
1224907,10,prior,1,2,14,
68288,10,prior,2,5,15,30
2115522,10,prior,3,3,19,12
83395,10,prior,4,3,15,14
1353310,10,prior,5,5,20,23
1822501,10,train,6,0,19,30
2411567,11,prior,1,0,11,
1170872,11,prior,2,5,11,12
2840752,11,prior,3,5,10,14
1611810,11,prior,4,5,13,30
2921164,11,prior,5,5,11,30
790927,11,prior,6,5,11,7
1468214,11,prior,7,5,09,30
1376945,11,test,8,6,11,8
1483446,12,prior,1,1,12,
1247527,12,prior,2,5,09,30
1916106,12,prior,3,5,08,14
1057378,12,prior,4,3,09,26
221248,12,prior,5,1,09,30
1356845,12,test,6,1,20,30
2618231,13,prior,1,6,12,
2560699,13,prior,2,0,11,8
2288946,13,prior,3,6,21,6
19256,13,prior,4,1,12,9
1378982,13,prior,5,0,13,6
2363981,13,prior,6,0,18,7
1906169,13,prior,7,0,08,7
1757094,13,prior,8,6,18,13
519471,13,prior,9,6,17,7
2298068,13,prior,10,6,22,7
1472646,13,prior,11,0,14,8
1789302,13,prior,12,6,13,6
1827621,13,train,13,0,21,8
2906263,14,prior,1,2,18,
3206747,14,prior,2,5,08,30
1366559,14,prior,3,0,14,2
1385564,14,prior,4,6,08,20
1691859,14,prior,5,5,08,30
2127409,14,prior,6,1,08,30
2505309,14,prior,7,5,10,30
3067644,14,prior,8,4,08,27
2109666,14,prior,9,5,09,30
1625325,14,prior,10,4,21,30
1335295,14,prior,11,1,05,25
2045336,14,prior,12,5,09,4
3394109,14,prior,13,5,05,7
2316178,14,train,14,2,19,11
2514324,15,prior,1,5,13,
3135826,15,prior,2,6,12,15
2564002,15,prior,3,6,12,7
714991,15,prior,4,1,11,16
3317979,15,prior,5,4,15,17
876095,15,prior,6,5,11,8
2685110,15,prior,7,1,11,17
3119091,15,prior,8,2,17,8
887727,15,prior,9,2,13,7
2570697,15,prior,10,2,10,21
2600170,15,prior,11,2,09,14
2883598,15,prior,12,1,08,6
2332087,15,prior,13,1,10,14
113728,15,prior,14,1,10,14
2968173,15,prior,15,1,09,7
3097485,15,prior,16,1,09,7
1870022,15,prior,17,2,16,8
1911383,15,prior,18,2,11,7
2345592,15,prior,19,5,11,3
2994589,15,prior,20,1,13,10
2715276,15,prior,21,1,09,7
487368,15,prior,22,1,10,14
2161313,15,test,23,1,09,7
1273676,16,prior,1,2,08,
875885,16,prior,2,1,13,20
1491849,16,prior,3,1,20,21
2704482,16,prior,4,6,14,12
3192400,16,prior,5,2,14,30
2000615,16,prior,6,0,14,26
1416320,16,test,7,0,13,7
1737705,17,prior,1,2,13,
1681401,17,prior,2,5,10,3
2680214,17,prior,3,3,10,5
3197376,17,prior,4,1,14,5
3237467,17,prior,5,6,17,5
2616505,17,prior,6,4,17,5
2648319,17,prior,7,1,13,4
2430354,17,prior,8,0,15,6
2373492,17,prior,9,3,13,3
900554,17,prior,10,0,15,4
805025,17,prior,11,4,15,4
912404,17,prior,12,2,14,5
1389057,17,prior,13,1,13,6
603534,17,prior,14,6,17,5
2660930,17,prior,15,2,16,3
1719551,17,prior,16,1,12,6
601444,17,prior,17,5,21,4
2956367,17,prior,18,6,12,8
2508834,17,prior,19,5,11,6
415389,17,prior,20,5,13,7
3141030,17,prior,21,2,12,4
603376,17,prior,22,6,16,4
3069802,17,prior,23,3,23,4
1683378,17,prior,24,1,10,5
2795254,17,prior,25,0,11,6
343199,17,prior,26,5,17,5
1385847,17,prior,27,4,10,6
3314059,17,prior,28,1,09,4
697863,17,prior,29,6,14,5
2148135,17,prior,30,6,15,0
3327122,17,prior,31,4,12,5
2760791,17,prior,32,1,22,4
2553089,17,prior,33,3,11,9
791858,17,prior,34,5,12,16
2773605,17,prior,35,6,13,8
674977,17,prior,36,3,12,30
2831726,17,prior,37,2,12,13
1385397,17,prior,38,1,15,30
348137,17,prior,39,5,16,11
3350883,17,prior,40,4,11,27
2180313,17,train,41,3,10,30
2780889,18,prior,1,6,18,
3106101,18,prior,2,0,17,1
1860960,18,prior,3,1,19,8
3133044,18,prior,4,0,16,6
1020460,18,prior,5,2,16,9
441977,18,prior,6,6,12,4
2461523,18,train,7,6,09,7
1321974,19,prior,1,6,13,
2293453,19,prior,2,5,14,6
2208892,19,prior,3,0,14,16
2808909,19,prior,4,5,12,5
1973799,19,prior,5,6,12,8
2474845,19,prior,6,5,13,20
532817,19,prior,7,4,17,6
2483716,19,prior,8,4,04,7
86918,19,prior,9,5,16,8
1735923,19,test,10,6,17,8
947722,20,prior,1,1,10,
157550,20,prior,2,3,16,2
3408319,20,prior,3,2,11,6
2741696,20,prior,4,2,11,7
1980631,20,test,5,1,11,30
2625565,21,prior,1,1,10,
2698037,21,prior,2,1,09,7
1166994,21,prior,3,1,13,7
129152,21,prior,4,1,14,14
62373,21,prior,5,1,14,7
2984916,21,prior,6,5,06,4
1716848,21,prior,7,5,09,28
3288630,21,prior,8,2,13,18
2592860,21,prior,9,4,10,2
1573906,21,prior,10,3,10,6
2102674,21,prior,11,1,15,12
534401,21,prior,12,1,09,21
2510446,21,prior,13,5,11,4
1082944,21,prior,14,1,09,10
3257456,21,prior,15,1,09,7
774475,21,prior,16,1,11,7
1953572,21,prior,17,2,15,1
1674891,21,prior,18,2,11,21
77791,21,prior,19,3,09,8
1413723,21,prior,20,1,10,12
1806047,21,prior,21,1,09,7
1431584,21,prior,22,3,09,9
2941505,21,prior,23,2,13,6
1322450,21,prior,24,5,08,3
1776467,21,prior,25,5,08,7
497940,21,prior,26,1,11,10
1735495,21,prior,27,3,08,9
1996394,21,prior,28,1,09,5
1110781,21,prior,29,2,09,8
2097221,21,prior,30,1,11,6
2057208,21,prior,31,3,15,9
865324,21,prior,32,1,13,12
3341737,21,prior,33,1,12,30
1854765,21,train,34,1,12,28
2300537,22,prior,1,3,07,
144358,22,prior,2,3,07,30
1219654,22,prior,3,0,21,4
2922708,22,prior,4,3,11,30
3393222,22,prior,5,5,21,16
2327987,22,prior,6,1,19,17
2455079,22,prior,7,6,17,5
634494,22,prior,8,5,09,13
1014994,22,prior,9,5,15,28
3227049,22,prior,10,3,19,5
2780464,22,prior,11,5,12,2
194741,22,prior,12,0,08,2
1766930,22,prior,13,5,10,5
3090814,22,prior,14,1,19,3
2647850,22,prior,15,4,10,30
139655,22,test,16,5,06,1
1792521,23,prior,1,5,14,
8382,23,prior,2,0,10,9
1902489,23,prior,3,5,12,5
1072926,23,prior,4,3,11,30
3402036,23,train,5,1,12,30
611214,24,prior,1,3,20,
1869748,24,prior,2,6,16,3
1511050,24,prior,3,3,21,30
2877797,24,prior,4,6,10,24
118133,24,prior,5,0,11,30
816714,24,prior,6,6,08,13
1415679,24,prior,7,0,08,15
3064712,24,prior,8,1,20,8
1640680,24,prior,9,1,08,30
3354579,24,prior,10,5,17,18
3320181,24,prior,11,4,14,6
2126098,24,prior,12,5,16,22
2586085,24,prior,13,2,11,11
1103927,24,prior,14,6,08,4
1368577,24,prior,15,0,10,15
2635041,24,prior,16,0,09,7
196008,24,prior,17,0,20,14
173172,24,prior,18,0,16,14
965160,24,train,19,0,16,0
2610576,25,prior,1,1,14,
2994388,25,prior,2,1,20,30
258751,25,prior,3,5,19,30
1411408,25,test,4,0,15,30
3229714,26,prior,1,2,15,
2284750,26,prior,2,5,11,10
1488077,26,prior,3,5,10,7
1798774,26,prior,4,4,20,6
2018734,26,prior,5,5,09,8
2827207,26,prior,6,2,15,11
2097636,26,prior,7,1,13,30
2923351,26,prior,8,3,11,30
2063028,26,prior,9,3,09,14
3350048,26,prior,10,3,14,7
135696,26,prior,11,4,17,8
232721,26,prior,12,4,17,7
2940603,26,test,13,5,14,8
361493,27,prior,1,3,09,
1662354,27,prior,2,2,17,6
965677,27,prior,3,3,08,1
2842504,27,prior,4,5,13,2
1007361,27,prior,5,2,15,4
2792524,27,prior,6,4,09,9
1771198,27,prior,7,2,14,5
1460681,27,prior,8,3,15,1
3317805,27,prior,9,4,13,1
3149167,27,prior,10,4,15,7
3141790,27,prior,11,5,11,1
1380784,27,prior,12,1,11,3
1659155,27,prior,13,2,17,1
1406911,27,prior,14,3,09,8
3247231,27,prior,15,1,14,5
2705360,27,prior,16,2,16,8
1523605,27,prior,17,2,09,7
3137551,27,prior,18,1,15,20
900590,27,prior,19,3,09,9
1060278,27,prior,20,1,16,12
1149132,27,prior,21,2,11,8
2729473,27,prior,22,3,08,8
612679,27,prior,23,2,13,6
3162630,27,prior,24,2,15,0
338996,27,prior,25,5,10,10
2305567,27,prior,26,5,14,7
1311494,27,prior,27,1,15,17
1641287,27,prior,28,3,10,2
654294,27,prior,29,3,14,0
1111867,27,prior,30,4,16,1
1194452,27,prior,31,2,14,5
3147283,27,prior,32,5,10,10
1666812,27,prior,33,4,15,6
2695034,27,prior,34,2,15,5
129025,27,prior,35,3,16,1
920968,27,prior,36,5,14,2
2005447,27,prior,37,1,10,3
1603399,27,prior,38,2,16,1
3176698,27,prior,39,1,14,6
3374715,27,prior,40,4,10,3
2392592,27,prior,41,5,10,1
1374792,27,prior,42,5,14,0
1849805,27,prior,43,5,15,0
225381,27,prior,44,2,14,4
3037479,27,prior,45,4,09,2
419099,27,prior,46,1,10,4
3359528,27,prior,47,2,14,1
1380270,27,prior,48,3,10,1
1067581,27,prior,49,3,14,0
3094422,27,prior,50,4,14,1
933179,27,prior,51,2,09,5
682914,27,prior,52,3,15,15
1149184,27,prior,53,2,09,6
65724,27,prior,54,4,15,2
2244394,27,prior,55,2,16,5
1025119,27,prior,56,3,11,1
1559403,27,prior,57,4,13,1
1615255,27,prior,58,5,08,1
1201330,27,prior,59,3,09,5
3146978,27,prior,60,4,15,1
230851,27,prior,61,1,13,4
771049,27,prior,62,2,10,1
7099,27,prior,63,3,10,1
2716757,27,prior,64,1,15,5
804483,27,prior,65,4,10,3
2325503,27,prior,66,1,12,4
1832360,27,prior,67,5,10,4
1560223,27,prior,68,2,08,4
2999232,27,prior,69,2,14,0
1250733,27,prior,70,3,15,1
2569634,27,prior,71,1,13,5
1225000,27,prior,72,1,13,7
994572,27,prior,73,5,14,4
2138705,27,prior,74,5,14,7
264488,27,prior,75,1,11,10
3276527,27,prior,76,1,14,0
625018,27,prior,77,1,08,7
568636,27,prior,78,5,15,4
2546638,27,prior,79,3,11,5
1837192,27,prior,80,2,08,6
1573122,27,prior,81,1,13,6
2614670,27,train,82,5,14,4
1138968,28,prior,1,0,14,
1589342,28,prior,2,5,13,19
3331846,28,prior,3,0,16,2
1782508,28,prior,4,3,16,17
1432100,28,prior,5,2,15,27
358148,28,prior,6,2,12,14
2657750,28,prior,7,1,17,6
2695156,28,prior,8,0,16,13
1584053,28,prior,9,1,15,30
1639907,28,prior,10,0,17,6
2760669,28,prior,11,0,07,30
1819575,28,prior,12,1,19,1
1272493,28,prior,13,5,17,11
279523,28,prior,14,2,13,18
2810971,28,prior,15,3,17,15
1481969,28,prior,16,4,12,1
181977,28,prior,17,5,13,1
979759,28,prior,18,0,17,9
2070736,28,prior,19,5,16,12
760273,28,prior,20,1,13,10
1385910,28,prior,21,2,17,1
1818037,28,prior,22,2,15,7
2195945,28,prior,23,1,14,6
1978052,28,prior,24,0,15,13
1192143,28,test,25,1,16,8
2064090,29,prior,1,5,11,
875452,29,prior,2,2,08,11
2657652,29,prior,3,2,10,14
2999889,29,prior,4,6,08,11
1207762,29,prior,5,1,11,9
370715,29,prior,6,5,11,11
1049206,29,prior,7,1,12,10
2655002,29,prior,8,4,13,10
685887,29,prior,9,6,13,9
3167222,29,prior,10,5,11,13
2865794,29,prior,11,5,09,7
1062536,29,prior,12,4,08,13
620971,29,prior,13,5,08,8
3090640,29,prior,14,1,13,17
3202175,29,prior,15,3,11,16
2376709,29,prior,16,1,11,12
1748639,29,prior,17,5,13,11
1647841,29,prior,18,5,11,14
3110252,29,train,19,4,11,13
375303,30,prior,1,1,13,
2156000,30,prior,2,1,10,7
3169631,30,prior,3,1,22,7
1645927,30,prior,4,2,13,22
986094,30,prior,5,2,11,30
2299885,30,prior,6,1,19,27
137318,30,prior,7,1,06,28
3333738,30,prior,8,1,08,30
62370,30,train,9,2,13,22
2150649,31,prior,1,5,11,
695934,31,prior,2,5,11,0
638062,31,prior,3,4,12,6
2135842,31,prior,4,3,13,6
2623412,31,prior,5,0,16,4
1183257,31,prior,6,0,16,7
1341128,31,prior,7,2,13,2
1120389,31,prior,8,0,11,5
3352995,31,prior,9,3,12,3
1593000,31,prior,10,3,08,7
2582407,31,prior,11,1,07,5
673583,31,prior,12,4,12,10
3035956,31,prior,13,3,11,6
2951746,31,prior,14,2,09,6
2258440,31,prior,15,1,08,6
2647083,31,prior,16,2,08,8
2231262,31,prior,17,3,11,8
963053,31,prior,18,3,11,0
813240,31,prior,19,0,17,4
1765409,31,prior,20,0,17,0
280888,31,test,21,4,09,18
134879,32,prior,1,3,12,
1275838,32,prior,2,3,12,30
1709286,32,prior,3,2,10,20
72626,32,prior,4,3,09,1
1210985,32,prior,5,1,23,30
3202221,32,test,6,1,13,30
2906103,33,prior,1,3,14,
2612991,33,prior,2,2,16,27
1537903,33,prior,3,1,19,30
3222866,33,test,4,6,17,19
2383661,34,prior,1,4,15,
1569834,34,prior,2,4,07,28
1916863,34,prior,3,4,14,21
1951139,34,prior,4,0,11,10
2344038,34,prior,5,0,15,21
698604,34,train,6,4,13,30
1269089,35,prior,1,5,21,
2562704,35,prior,2,3,16,26
1136841,35,prior,3,6,09,30
457048,35,prior,4,0,20,22
2880466,35,prior,5,5,16,30
1830981,35,prior,6,6,10,1
3309528,35,prior,7,3,18,4
1316279,35,prior,8,4,17,30
2903057,35,prior,9,4,16,28
707453,35,test,10,4,15,21
3285797,36,prior,1,4,17,
412111,36,prior,2,5,18,8
240889,36,prior,3,5,17,21
1602446,36,prior,4,1,11,10
2472897,36,prior,5,4,15,3
1626957,36,prior,6,5,15,15
453864,36,prior,7,6,14,15
2010389,36,prior,8,3,17,4
278124,36,prior,9,0,11,4
14400,36,prior,10,1,18,1
1145961,36,prior,11,5,19,4
746041,36,prior,12,0,16,9
682472,36,prior,13,6,15,20
3067639,36,prior,14,0,12,22
2640464,36,prior,15,5,17,12
479244,36,prior,16,3,21,5
409708,36,prior,17,0,15,11
423623,36,prior,18,4,17,18
664952,36,prior,19,0,08,3
2833188,36,prior,20,4,09,25
1185674,36,prior,21,0,09,3
2890966,36,prior,22,3,12,3
2671410,36,prior,23,4,17,22
1189699,36,prior,24,2,07,5
2138456,36,prior,25,4,10,9
669187,36,prior,26,3,18,6
1460684,36,prior,27,5,21,16
2795573,36,prior,28,0,11,16
1719560,36,prior,29,3,21,3
2693179,36,prior,30,3,21,0
903277,36,prior,31,6,12,10
2527665,36,prior,32,0,09,8
2230383,36,prior,33,3,19,3
793311,36,prior,34,6,11,10
1032510,36,prior,35,0,16,15
182125,36,prior,36,4,12,4
2710884,36,prior,37,4,12,7
1320132,36,test,38,0,08,3
327827,37,prior,1,2,10,
86313,37,prior,2,6,12,4
1354506,37,prior,3,0,01,8
2153671,37,prior,4,1,14,8
2449761,37,prior,5,2,14,8
484397,37,prior,6,5,17,10
2568429,37,prior,7,1,19,10
711999,37,prior,8,3,19,23
1145920,37,prior,9,6,14,17
1736749,37,prior,10,3,18,11
2484696,37,prior,11,4,11,8
712331,37,prior,12,6,22,30
1740853,37,prior,13,6,19,14
1394419,37,prior,14,5,14,20
1751600,37,prior,15,0,16,30
1854906,37,prior,16,5,17,5
1179244,37,prior,17,4,14,6
2615608,37,prior,18,5,17,15
2326295,37,prior,19,1,16,10
841710,37,prior,20,3,16,9
3268585,37,prior,21,2,13,13
1294288,37,prior,22,6,15,30
1727614,37,prior,23,5,16,6
1524161,37,train,24,0,13,16
2873174,38,prior,1,0,10,
1308004,38,prior,2,4,11,30
1588002,38,prior,3,0,11,17
1691300,38,prior,4,6,12,20
1244041,38,prior,5,0,14,22
718156,38,prior,6,6,09,13
894015,38,prior,7,6,10,28
795223,38,prior,8,6,18,28
3204829,38,prior,9,6,16,7
2980672,38,prior,10,5,08,27
725451,38,prior,11,0,00,9
2479273,38,prior,12,1,13,30
3173750,38,train,13,0,09,30
2782479,39,prior,1,0,12,
971516,39,prior,2,0,15,7
127769,39,prior,3,6,17,6
524816,39,prior,4,6,10,7
859009,39,prior,5,6,19,7
1493525,39,prior,6,0,12,15
2754717,39,prior,7,6,16,30
882556,39,test,8,6,13,7
2570028,40,prior,1,0,09,
2309440,40,prior,2,1,10,8
1469897,40,prior,3,6,11,12
2621404,40,prior,4,0,12,8
1132197,40,prior,5,6,09,20
2640967,40,prior,6,0,09,15
2215173,40,prior,7,0,08,21
423262,40,prior,8,0,10,7
1145465,40,prior,9,0,09,14
2431024,40,test,10,0,08,7
252244,41,prior,1,6,16,
2111787,41,prior,2,2,20,24
2838655,41,prior,3,0,13,30
2196695,41,prior,4,1,12,22
3083886,41,prior,5,0,19,27
2032076,41,train,6,0,20,30
940313,42,prior,1,2,10,
1816335,42,prior,2,1,15,6
19190,42,prior,3,1,19,7
77399,42,prior,4,1,09,7
2848715,42,prior,5,2,18,8
1560102,42,prior,6,1,19,13
232622,42,prior,7,3,13,9
378457,42,prior,8,0,10,11
521231,42,prior,9,3,19,24
2019391,42,prior,10,5,01,9
2315446,42,prior,11,3,18,19
2083588,42,prior,12,2,13,20
1602489,42,prior,13,4,12,9
2204386,42,prior,14,5,16,22
278626,42,prior,15,0,15,30
3034563,42,prior,16,0,13,14
2803975,42,train,17,0,11,14
606677,43,prior,1,1,18,
1530871,43,prior,2,4,19,24
656728,43,prior,3,4,11,7
634665,43,prior,4,3,18,6
2412774,43,prior,5,0,17,11
2580647,43,prior,6,4,16,4
1630444,43,prior,7,0,12,10
455561,43,prior,8,1,17,15
2187180,43,prior,9,4,12,3
3094389,43,prior,10,5,15,15
2770903,43,prior,11,0,12,9
1864787,43,train,12,5,11,26
1359969,44,prior,1,0,07,
462713,44,prior,2,1,09,30
2699868,44,prior,3,0,09,30
2436259,44,train,4,0,12,30
300892,45,prior,1,1,20,
784714,45,prior,2,6,19,12
374526,45,prior,3,3,20,18
1902833,45,prior,4,2,08,30
2827745,45,test,5,5,10,3
3345812,46,prior,1,1,16,
31801,46,prior,2,1,13,7
3102839,46,prior,3,1,16,0
2539168,46,prior,4,1,11,14
2518161,46,prior,5,1,17,30
1406544,46,prior,6,1,15,28
821110,46,prior,7,1,12,28
398975,46,prior,8,1,12,21
3198849,46,prior,9,1,16,14
1538381,46,prior,10,0,12,6
244623,46,prior,11,0,12,7
2998652,46,prior,12,0,16,14
1876837,46,prior,13,0,13,14
1945511,46,prior,14,0,14,14
2596585,46,prior,15,0,16,28
1254066,46,prior,16,0,15,21
2661433,46,prior,17,6,17,30
2681913,46,prior,18,0,09,22
2009771,46,prior,19,0,16,21
1947848,46,train,20,4,20,11
2857489,47,prior,1,5,16,
1303645,47,prior,2,6,15,1
2532123,47,prior,3,4,13,5
2201188,47,prior,4,2,10,12
1899315,47,prior,5,2,22,14
2906490,47,train,6,4,22,16
1035233,48,prior,1,6,16,
3166874,48,prior,2,5,13,27
2766710,48,prior,3,6,09,15
501067,48,prior,4,5,12,27
1643524,48,prior,5,6,10,29
1657641,48,prior,6,5,09,27
749250,48,prior,7,6,11,29
795269,48,prior,8,6,11,14
3067391,48,prior,9,5,18,13
555834,48,prior,10,5,22,14
2924697,48,train,11,5,18,14
1216869,49,prior,1,2,09,
2406693,49,prior,2,6,19,30
3283823,49,prior,3,5,14,30
1526098,49,prior,4,3,16,30
1557694,49,prior,5,1,12,19
379097,49,prior,6,1,11,30
500437,49,prior,7,2,15,30
1250641,49,prior,8,2,11,28
519514,49,train,9,4,12,2
1363380,50,prior,1,3,09,
3131103,50,prior,2,6,12,10
2197066,50,prior,3,1,13,9
3201640,50,prior,4,0,11,6
2756806,50,prior,5,4,14,11
1905727,50,prior,6,2,10,5
357849,50,prior,7,3,13,8
1673791,50,prior,8,6,14,3
1941871,50,prior,9,4,11,5
1431607,50,prior,10,2,10,5
935755,50,prior,11,6,09,4
771250,50,prior,12,3,18,4
218647,50,prior,13,6,14,10
482971,50,prior,14,4,11,5
1261865,50,prior,15,2,10,5
2102570,50,prior,16,1,08,13
1856643,50,prior,17,2,15,8
2199859,50,prior,18,1,10,6
505360,50,prior,19,3,11,2
2829245,50,prior,20,1,10,5
1077695,50,prior,21,1,13,14
3067010,50,prior,22,1,12,7
458687,50,prior,23,6,17,5
536094,50,prior,24,3,10,4
886814,50,prior,25,2,11,6
1291785,50,prior,26,1,13,6
1182191,50,prior,27,5,07,11
2333885,50,prior,28,2,10,4
3112215,50,prior,29,3,11,1
3276486,50,prior,30,3,12,7
2870447,50,prior,31,2,11,6
623555,50,prior,32,2,12,7
2443843,50,prior,33,5,07,10
867561,50,prior,34,0,22,2
2049647,50,prior,35,4,11,4
2981401,50,prior,36,1,11,4
2425696,50,prior,37,4,15,3
1177903,50,prior,38,1,07,4
2885215,50,prior,39,6,10,5
3285176,50,prior,40,3,09,4
1158241,50,prior,41,0,16,4
131991,50,prior,42,2,10,2
1237400,50,prior,43,6,09,4
3014513,50,prior,44,2,11,3
1368931,50,prior,45,1,12,6
1076291,50,prior,46,3,07,2
412136,50,prior,47,2,11,6
1939933,50,prior,48,0,10,5
3147929,50,prior,49,5,08,5
2018336,50,prior,50,1,11,3
1229178,50,prior,51,5,10,11
3044151,50,prior,52,1,09,3
3330597,50,prior,53,3,11,2
642111,50,prior,54,6,10,3
3205359,50,prior,55,1,10,2
182020,50,prior,56,0,13,6
636918,50,prior,57,5,12,5
2670599,50,prior,58,3,10,5
2236363,50,prior,59,1,11,5
2757345,50,prior,60,2,12,1
1915162,50,prior,61,5,11,3
373535,50,prior,62,2,11,4
3175017,50,prior,63,6,10,4
309687,50,prior,64,2,12,10
2740653,50,prior,65,1,13,6
2107003,50,prior,66,4,11,3
103726,50,prior,67,3,09,6
1750084,50,train,68,3,09,7
1099991,51,prior,1,3,14,
1505429,51,prior,2,2,14,13
2151817,51,prior,3,5,14,17
2174416,51,test,4,0,14,16
2497897,52,prior,1,1,09,
1318871,52,prior,2,1,10,7
1261384,52,prior,3,1,10,7
2100631,52,prior,4,1,11,7
580568,52,prior,5,2,10,8
1680554,52,prior,6,1,13,6
2428073,52,prior,7,2,07,8
1551977,52,prior,8,1,10,6
342306,52,prior,9,1,11,7
1520353,52,prior,10,2,10,8
2542086,52,prior,11,2,09,7
944694,52,prior,12,1,16,6
2906390,52,prior,13,1,10,7
1838593,52,prior,14,1,13,7
1268191,52,prior,15,2,11,8
2331002,52,prior,16,3,11,8
1122089,52,prior,17,2,10,6
1498922,52,prior,18,2,10,14
180919,52,prior,19,3,08,8
3146572,52,prior,20,1,13,5
2695875,52,prior,21,5,10,30
1307894,52,prior,22,1,09,10
1856103,52,prior,23,1,13,7
1030102,52,prior,24,2,09,8
3306717,52,prior,25,1,10,13
2127348,52,prior,26,5,13,18
1588305,52,prior,27,1,08,10
1647290,52,train,28,4,16,3
3364570,53,prior,1,5,19,
2239092,53,prior,2,1,17,17
227361,53,prior,3,3,15,16
3088145,53,train,4,2,10,13
79015,54,prior,1,2,19,
1546110,54,prior,2,0,22,5
3337837,54,prior,3,4,18,11
2548338,54,prior,4,1,19,4
1514655,54,prior,5,6,16,5
142873,54,prior,6,1,07,9
2008078,54,prior,7,6,13,5
631226,54,prior,8,5,16,13
3121842,54,prior,9,4,10,20
2205320,54,prior,10,2,09,5
862838,54,prior,11,4,12,2
881725,54,prior,12,5,09,8
939629,54,prior,13,0,11,2
638726,54,prior,14,0,11,7
1182951,54,prior,15,5,12,12
378070,54,prior,16,1,12,3
1376661,54,prior,17,6,13,12
3084020,54,prior,18,1,11,9
2326857,54,prior,19,6,11,12
905479,54,prior,20,3,10,4
1321441,54,prior,21,4,00,1
640014,54,prior,22,6,10,2
2983519,54,prior,23,5,14,13
311292,54,prior,24,6,12,1
2917598,54,prior,25,6,12,7
2045952,54,prior,26,0,11,1
2916715,54,prior,27,3,00,3
3135095,54,prior,28,4,16,1
51418,54,prior,29,4,23,0
2143390,54,prior,30,3,11,6
3167855,54,prior,31,4,10,1
1339168,54,prior,32,6,11,2
1630627,54,prior,33,1,01,2
2413026,54,prior,34,0,09,13
2648531,54,prior,35,1,11,1
3184864,54,prior,36,5,10,4
3249202,54,prior,37,6,12,1
3336359,54,prior,38,6,14,7
3066373,54,prior,39,6,20,0
1840067,54,prior,40,3,20,4
1893574,54,prior,41,6,09,3
2861721,54,prior,42,1,09,2
159678,54,prior,43,4,08,3
3270096,54,prior,44,3,19,6
2960216,54,prior,45,4,18,1
2058687,54,prior,46,2,15,5
3290450,54,prior,47,0,22,5
1902195,54,prior,48,4,09,4
2018396,54,prior,49,6,14,2
1794598,54,prior,50,0,22,1
1102893,54,prior,51,2,23,2
1162211,54,prior,52,4,11,2
3201675,54,prior,53,5,11,1
1598289,54,prior,54,6,11,8
1683909,54,prior,55,3,11,18
692802,54,prior,56,4,09,1
3137144,54,prior,57,6,17,2
1967453,54,prior,58,6,21,7
899785,54,prior,59,4,08,5
3370941,54,prior,60,6,23,2
1433019,54,prior,61,3,12,4
910390,54,prior,62,2,10,6
2340803,54,prior,63,4,08,2
2101107,54,prior,64,1,13,4
1000935,54,prior,65,4,11,10
100777,54,prior,66,4,11,7
3147262,54,prior,67,4,13,0
496907,54,prior,68,1,11,4
1107137,54,prior,69,5,15,4
1743688,54,prior,70,1,15,3
1404810,54,prior,71,4,10,3
865967,54,prior,72,1,13,4
1456703,54,prior,73,2,23,1
3161832,54,prior,74,4,13,2
75972,54,prior,75,6,12,2
2004727,54,prior,76,0,10,8
596690,54,prior,77,1,11,1
1325316,54,test,78,2,23,1
2080943,55,prior,1,0,14,
2006658,55,prior,2,2,17,9
3057843,55,prior,3,2,07,28
3114269,55,prior,4,1,13,13
2986671,55,prior,5,2,15,15
1677021,55,prior,6,2,13,28
2206148,55,prior,7,1,13,13
39325,55,train,8,2,18,30
2654273,56,prior,1,1,17,
807593,56,prior,2,1,08,7
2511442,56,prior,3,4,18,3
1909697,56,prior,4,1,11,4
1507154,56,prior,5,0,09,6
1271686,56,prior,6,1,18,8
976101,56,prior,7,2,11,8
758679,56,prior,8,0,16,5
1221340,56,prior,9,1,08,8
1327957,56,prior,10,2,10,8
2139271,56,prior,11,1,08,13
1836190,56,prior,12,2,09,8
13318,56,train,13,1,09,6
1381572,57,prior,1,6,10,
1435093,57,prior,2,4,11,5
1456958,57,prior,3,3,17,6
48293,57,prior,4,5,07,9
2047997,57,prior,5,5,15,7
1623693,57,prior,6,4,21,13
435581,57,prior,7,2,10,12
463436,57,prior,8,4,01,9
1545777,57,prior,9,3,22,6
2380545,57,prior,10,6,06,10
839442,57,prior,11,2,07,3
949025,57,prior,12,6,11,4
1775331,57,prior,13,3,10,11
2676852,57,prior,14,6,05,10
320326,57,test,15,0,07,8
913794,58,prior,1,4,14,
692224,58,prior,2,0,10,3
714002,58,prior,3,6,15,13
1578027,58,prior,4,0,17,1
164627,58,prior,5,0,07,7
3097573,58,prior,6,4,18,4
1089058,58,prior,7,0,09,3
326173,58,prior,8,2,10,9
1867561,58,prior,9,3,10,15
2143792,58,prior,10,3,11,7
139882,58,prior,11,5,09,9
2830335,58,prior,12,0,13,16
2023100,58,prior,13,0,12,7
2144995,58,prior,14,5,12,30
1976929,58,prior,15,4,21,6
2128599,58,test,16,4,12,7
584586,59,prior,1,5,15,
1385031,59,prior,2,1,10,24
2149689,59,prior,3,0,10,6
3050891,59,prior,4,2,12,2
2395967,59,prior,5,3,09,15
1071381,59,prior,6,2,10,20
2756878,59,prior,7,2,11,14
2994801,59,prior,8,3,11,29
1794276,59,prior,9,0,21,30
1625716,59,prior,10,4,08,11
1651215,59,train,11,0,12,10
2769226,60,prior,1,0,20,
1205618,60,prior,2,5,14,26
291527,60,prior,3,2,13,11
1783260,60,prior,4,2,11,28
3224056,60,prior,5,5,15,24
989260,60,prior,6,2,14,25
2132947,60,prior,7,5,18,30
1597833,60,prior,8,1,11,30
1099519,60,test,9,4,22,30
817409,61,prior,1,2,11,
1839867,61,prior,2,5,10,30
3160844,61,prior,3,5,15,14
1713067,61,prior,4,1,09,30
144494,61,test,5,4,10,17
2887267,62,prior,1,1,00,
964058,62,prior,2,4,10,10
2163945,62,prior,3,6,11,30
3349827,62,prior,4,0,13,15
1376443,62,prior,5,4,20,4
2655621,62,prior,6,4,14,14
1275664,62,prior,7,1,14,18
1812321,62,prior,8,4,13,30
2512030,62,prior,9,4,14,14
479208,62,prior,10,1,12,4
1019719,62,train,11,2,12,29
2205298,63,prior,1,3,20,
2568280,63,prior,2,0,09,11
1763414,63,prior,3,4,14,11
3092533,63,prior,4,0,11,24
414538,63,prior,5,1,10,8
1538989,63,prior,6,6,14,12
3077044,63,prior,7,1,14,9
2644515,63,prior,8,2,19,15
495013,63,prior,9,0,10,26
973757,63,prior,10,2,14,2
1225619,63,prior,11,0,07,5
863243,63,prior,12,6,13,6
226861,63,prior,13,6,14,7
107377,63,prior,14,6,08,7
2286777,63,prior,15,5,12,6
390867,63,prior,16,3,15,5
3140578,63,prior,17,1,11,19
561303,63,prior,18,5,12,4
1023723,63,prior,19,3,16,5
2104282,63,prior,20,3,14,7
2838026,63,prior,21,5,09,2
1764004,63,prior,22,3,14,5
3028801,63,prior,23,3,12,7
2793873,63,prior,24,6,13,3
2158097,63,prior,25,0,05,8
1580628,63,prior,26,5,17,5
383458,63,prior,27,2,11,11
97480,63,prior,28,4,08,9
3301134,63,prior,29,1,18,11
2352518,63,prior,30,5,12,4
1128333,63,prior,31,2,17,4
1023454,63,prior,32,1,13,6
586227,63,prior,33,3,12,9
77449,63,prior,34,1,12,12
1816750,63,prior,35,1,12,14
2190355,63,prior,36,1,12,14
2617055,63,prior,37,6,09,12
1223316,63,prior,38,1,14,9
443742,63,prior,39,0,11,13
2989905,63,train,40,6,08,13
802141,64,prior,1,2,14,
2601258,64,prior,2,6,10,11
2057180,64,prior,3,1,22,2
2507322,64,prior,4,6,17,12
33681,64,prior,5,5,00,6
629726,64,prior,6,3,20,19
2302602,64,prior,7,5,20,9
3215917,64,prior,8,6,17,15
2754807,64,prior,9,6,15,7
3129760,64,prior,10,1,10,9
2639013,64,train,11,0,13,27
1583644,65,prior,1,0,09,
3253911,65,prior,2,0,09,7
1422896,65,prior,3,0,10,14
3003586,65,prior,4,1,13,1
1625976,65,prior,5,5,14,4
2133732,65,prior,6,6,15,15
1999119,65,prior,7,0,15,1
225812,65,prior,8,1,12,29
2843095,65,prior,9,2,10,8
3029625,65,prior,10,1,08,6
692225,65,prior,11,4,09,30
2630919,65,prior,12,4,08,7
2028484,65,prior,13,4,15,14
864720,65,prior,14,2,09,30
1072954,65,train,15,6,17,30
1089019,66,prior,1,2,17,
2143319,66,prior,2,5,12,30
4595,66,prior,3,3,21,30
2360283,66,prior,4,6,12,30
2401332,66,prior,5,0,10,30
932035,66,prior,6,1,11,30
34647,66,train,7,3,19,23
3205960,67,prior,1,3,11,
970922,67,prior,2,1,15,5
596585,67,prior,3,1,13,7
2037087,67,prior,4,2,09,8
2474111,67,prior,5,3,14,8
1568481,67,prior,6,3,12,7
1723781,67,prior,7,2,13,6
2048527,67,prior,8,2,11,7
2389031,67,prior,9,2,14,7
2378562,67,prior,10,1,10,6
1515698,67,prior,11,1,11,7
1928050,67,prior,12,2,12,8
1949274,67,prior,13,1,10,6
551869,67,prior,14,1,09,7
2233579,67,prior,15,2,15,15
768572,67,prior,16,4,10,9
46584,67,prior,17,1,19,11
150528,67,prior,18,5,16,4
29758,67,prior,19,0,14,9
2812906,67,prior,20,3,13,3
1558976,67,prior,21,1,09,5
863974,67,prior,22,1,11,14
2308399,67,prior,23,1,14,14
1931044,67,prior,24,2,12,1
2757217,67,train,25,0,11,5
2333802,68,prior,1,5,10,
35187,68,prior,2,5,12,21
1830818,68,prior,3,4,19,30
2253039,68,prior,4,3,13,30
1084179,68,prior,5,1,11,30
3117228,68,prior,6,6,14,30
3024191,68,test,7,2,15,30
2576966,69,prior,1,2,16,
2624115,69,prior,2,2,12,14
539112,69,prior,3,2,18,14
2023333,69,prior,4,3,22,8
2550244,69,prior,5,2,14,13
2817181,69,test,6,2,11,7
2260493,70,prior,1,6,18,
2708482,70,prior,2,3,18,11
3087916,70,prior,3,1,19,5
3080922,70,prior,4,4,16,17
737301,70,prior,5,0,13,30
939800,70,prior,6,4,16,11
2509231,70,prior,7,4,15,30
2373040,70,prior,8,6,12,9
2950172,70,prior,9,4,19,12
2848644,70,prior,10,4,20,14
450929,70,prior,11,3,18,30
2446697,70,prior,12,6,20,30
29902,70,prior,13,2,17,30
669729,70,train,14,5,12,30
364423,71,prior,1,3,10,
1962560,71,prior,2,3,16,7
1841185,71,prior,3,5,12,9
3112384,71,prior,4,0,19,2
2012622,71,prior,5,4,21,18
434668,71,prior,6,2,14,12
2861050,71,prior,7,3,09,8
2606009,71,prior,8,3,16,14
920597,71,prior,9,5,14,30
21889,71,prior,10,2,15,11
1382694,71,prior,11,5,13,3
1964503,71,prior,12,0,13,30
2538672,71,prior,13,5,06,26
1437649,71,prior,14,0,15,16
2600443,71,prior,15,1,09,8
322607,71,prior,16,3,17,16
461359,71,prior,17,1,11,12
2389339,71,prior,18,4,14,10
1072501,71,prior,19,4,09,14
703584,71,prior,20,6,14,9
2075249,71,prior,21,3,15,18
3065988,71,prior,22,5,16,23
1551092,71,prior,23,2,10,18
3038639,71,train,24,5,13,17
2451656,72,prior,1,5,15,
1070540,72,prior,2,1,14,30
2661469,72,prior,3,2,13,8
389760,72,prior,4,6,13,4
2186390,72,prior,5,5,13,13
2050302,72,prior,6,6,14,15
2844729,72,prior,7,6,11,21
1567570,72,prior,8,0,14,15
2820122,72,prior,9,4,16,11
1016285,72,prior,10,5,16,15
797450,72,prior,11,4,16,6
2520276,72,prior,12,6,12,30
2608424,72,train,13,2,14,30
2286453,73,prior,1,2,17,
1463865,73,prior,2,3,20,30
2483845,73,prior,3,3,19,14
408636,73,prior,4,5,16,16
1908303,73,prior,5,3,16,26
917141,73,prior,6,0,13,25
2499247,73,prior,7,1,20,22
2883656,73,test,8,6,18,30
643818,74,prior,1,5,08,
360105,74,prior,2,5,06,7
1154777,74,prior,3,1,08,10
1386615,74,prior,4,3,07,23
3391303,74,prior,5,1,13,30
482516,74,train,6,4,07,10
1519861,75,prior,1,5,13,
2071859,75,prior,2,1,14,17
2773128,75,prior,3,3,13,9
1604099,75,prior,4,4,16,15
2003456,75,prior,5,1,14,4
207152,75,prior,6,1,13,7
2123286,75,prior,7,0,14,6
690372,75,prior,8,5,15,5
64791,75,prior,9,2,13,11
1047678,75,prior,10,5,12,3
44604,75,prior,11,4,11,6
20042,75,prior,12,3,12,6
1354911,75,prior,13,1,13,5
2391532,75,prior,14,1,12,7
2641583,75,prior,15,0,13,6
2322830,75,prior,16,6,12,6
122274,75,prior,17,2,13,10
2433377,75,prior,18,6,13,11
1972009,75,prior,19,6,12,7
1338309,75,prior,20,6,11,14
3192011,75,prior,21,0,13,22
1578024,75,prior,22,2,13,9
1657089,75,prior,23,4,14,9
1970262,75,test,24,3,11,6
3045366,76,prior,1,3,10,
1522904,76,prior,2,5,11,30
1934930,76,prior,3,2,11,25
1491175,76,prior,4,1,07,13
2102068,76,prior,5,1,11,0
2763506,76,prior,6,3,09,30
2792895,76,prior,7,4,08,29
1474394,76,prior,8,2,09,19
380972,76,prior,9,4,08,30
3294399,76,train,10,4,08,14
2669994,77,prior,1,2,11,
2896422,77,prior,2,1,13,30
474349,77,prior,3,0,15,27
1574973,77,prior,4,2,09,16
2878839,77,prior,5,0,09,5
431626,77,prior,6,1,11,15
2239642,77,prior,7,6,14,5
1094601,77,prior,8,6,18,7
2525859,77,prior,9,0,17,8
1941570,77,prior,10,0,09,7
2432711,77,prior,11,1,11,22
737247,77,prior,12,0,15,6
2681168,77,test,13,0,15,28
609104,78,prior,1,1,19,
843529,78,prior,2,6,10,5
85768,78,prior,3,0,08,8
3001769,78,prior,4,2,07,9
91957,78,prior,5,0,14,30
1009350,78,prior,6,6,10,30
1700658,78,train,7,6,11,7
1913204,79,prior,1,0,12,
3189274,79,prior,2,0,14,7
2667939,79,prior,3,1,17,8
2246974,79,prior,4,0,16,13
1390523,79,prior,5,0,02,21
2726708,79,prior,6,1,19,30
1882917,79,prior,7,0,15,30
21708,79,train,8,0,06,30
1331103,80,prior,1,2,06,
2122341,80,prior,2,2,16,21
2875845,80,prior,3,0,16,12
338550,80,prior,4,1,10,8
3348165,80,prior,5,6,15,5
1141480,80,prior,6,0,13,8
3276030,80,prior,7,5,12,12
1631228,80,prior,8,3,15,12
1506191,80,prior,9,2,08,6
2434894,80,prior,10,1,15,6
3090438,80,prior,11,2,13,8
2001654,80,prior,12,1,09,6
2178718,80,train,13,2,08,8
3097714,81,prior,1,2,15,
1310932,81,prior,2,1,12,6
2759128,81,prior,3,1,09,14
2027712,81,prior,4,3,19,30
1812985,81,prior,5,2,20,30
2139400,81,prior,6,3,07,29
1928924,81,prior,7,4,18,30
1734166,81,train,8,5,18,8
1889835,82,prior,1,3,15,
762760,82,prior,2,0,11,18
499460,82,prior,3,5,10,5
2728456,82,prior,4,0,11,16
80629,82,prior,5,5,16,12
2653743,82,prior,6,4,09,13
2232529,82,prior,7,1,11,11
63916,82,prior,8,5,10,4
1358880,82,prior,9,1,10,30
343588,82,prior,10,2,11,1
2500881,82,prior,11,5,16,10
1493222,82,prior,12,4,19,6
1501349,82,prior,13,0,10,10
1854627,82,prior,14,4,10,11
3034663,82,prior,15,2,11,12
2222448,82,prior,16,1,08,13
760382,82,prior,17,1,12,14
147262,82,prior,18,1,13,7
3144004,82,prior,19,2,15,8
859654,82,train,20,1,10,13
3357168,83,prior,1,3,15,
251784,83,prior,2,4,14,8
3211781,83,prior,3,5,14,30
1469604,83,prior,4,4,18,20
1515062,83,prior,5,2,17,12
1342998,83,prior,6,1,12,20
2424438,83,train,7,2,16,30
721266,84,prior,1,4,09,
2951016,84,prior,2,1,08,30
1505422,84,prior,3,5,13,18
3178292,84,prior,4,0,14,30
3413579,84,prior,5,3,16,3
1726905,84,prior,6,0,12,18
2965907,84,prior,7,5,13,30
2128144,84,prior,8,0,10,30
2276967,84,train,9,0,13,14
3001081,85,prior,1,0,19,
2299972,85,prior,2,6,16,30
2900024,85,prior,3,6,14,7
267052,85,prior,4,1,11,30
2568558,85,prior,5,6,18,26
1122034,85,prior,6,1,14,9
2430990,85,prior,7,4,17,10
1345233,85,test,8,0,16,3
465767,86,prior,1,0,09,
581503,86,prior,2,0,16,30
3290220,86,prior,3,6,08,13
3125222,86,prior,4,1,17,30
1619617,86,prior,5,1,15,14
1738766,86,prior,6,6,19,12
3327421,86,prior,7,1,17,16
3273951,86,prior,8,0,14,13
1010713,86,prior,9,1,21,15
1007570,86,prior,10,6,16,26
1048460,86,prior,11,3,12,25
3088266,86,prior,12,0,15,4
2677797,86,prior,13,2,13,30
356022,86,prior,14,1,12,20
2408754,86,prior,15,0,10,27
2013249,86,prior,16,2,18,30
2549405,86,prior,17,0,10,19
613340,86,train,18,6,12,6
838910,87,prior,1,6,17,
1881440,87,prior,2,0,12,30
2884724,87,prior,3,2,19,30
3300079,87,prior,4,6,08,30
88090,87,prior,5,5,07,13
3272229,87,prior,6,6,07,15
3200018,87,prior,7,3,08,4
1963716,87,prior,8,1,15,5
2668477,87,prior,9,2,07,8
3000782,87,prior,10,0,17,5
370956,87,prior,11,5,08,19
2987007,87,prior,12,2,16,4
161814,87,prior,13,0,16,5
886786,87,prior,14,1,17,8
2385684,87,prior,15,6,16,5
1192814,87,prior,16,0,15,8
2462716,87,prior,17,0,20,7
1803772,87,prior,18,1,19,8
1276879,87,prior,19,1,08,7
546407,87,prior,20,6,09,5
2928597,87,prior,21,0,12,8
122960,87,prior,22,3,08,3
2483641,87,prior,23,1,08,5
2482940,87,prior,24,4,07,3
394109,87,prior,25,1,11,4
2042430,87,prior,26,2,17,22
1962113,87,prior,27,2,07,7
1855447,87,train,28,3,17,8
1895573,88,prior,1,1,15,
1506478,88,prior,2,4,15,10
1963964,88,prior,3,6,16,30
2760558,88,prior,4,1,08,16
253625,88,prior,5,6,13,26
2377648,88,prior,6,6,13,0
2062476,88,prior,7,1,00,23
3081445,88,train,8,3,18,23
2523132,89,prior,1,4,08,
1791727,89,prior,2,0,17,10
148717,89,prior,3,1,18,15
3059813,89,prior,4,1,14,7
91180,89,prior,5,0,12,6
2149569,89,prior,6,4,16,18
1596917,89,prior,7,1,17,25
1286556,89,prior,8,0,13,6
2380355,89,prior,9,0,13,7
2753281,89,prior,10,0,14,7
2034759,89,prior,11,1,15,8
275380,89,prior,12,5,15,4
2428804,89,prior,13,1,12,10
998554,89,prior,14,1,14,7
2860113,89,prior,15,1,09,7
3383132,89,prior,16,0,14,6
624246,89,prior,17,6,10,13
1874428,89,prior,18,1,10,9
2524081,89,prior,19,0,12,6
3025545,89,prior,20,0,14,7
2222431,89,train,21,6,18,6
1866941,90,prior,1,5,14,
1743175,90,prior,2,1,09,3
3224951,90,prior,3,3,15,2
1053617,90,prior,4,5,13,2
400661,90,prior,5,4,07,6
461860,90,prior,6,5,17,1
1937891,90,prior,7,2,15,4
2819075,90,prior,8,3,15,1
799775,90,prior,9,5,15,2
1569984,90,prior,10,3,09,5
733734,90,prior,11,5,14,2
2592421,90,prior,12,2,12,4
2317676,90,prior,13,5,15,3
2813332,90,prior,14,2,13,4
1010419,90,prior,15,5,15,3
66340,90,prior,16,3,12,5
3223508,90,prior,17,5,15,2
1097156,90,prior,18,2,13,4
1816203,90,prior,19,5,09,3
2101063,90,prior,20,2,10,4
752188,90,prior,21,5,16,3
3056373,90,prior,22,3,09,5
3004103,90,prior,23,5,15,2
2997741,90,prior,24,2,13,4
260590,90,prior,25,5,14,3
856880,90,prior,26,3,12,5
257099,90,prior,27,2,12,6
2937953,90,prior,28,2,13,7
1682591,90,prior,29,4,12,2
2660566,90,prior,30,5,15,1
1483,90,prior,31,3,13,5
524838,90,prior,32,5,12,2
3247417,90,prior,33,2,16,4
3190631,90,prior,34,4,10,2
1350399,90,prior,35,4,09,7
2583597,90,prior,36,4,13,7
3014995,90,prior,37,4,11,7
1533023,90,prior,38,5,16,1
2893315,90,prior,39,2,15,4
1589698,90,prior,40,4,16,2
3129979,90,prior,41,3,12,6
2776875,90,prior,42,5,14,2
3218273,90,prior,43,3,11,5
3330122,90,prior,44,0,07,4
388415,90,prior,45,3,09,3
1200303,90,prior,46,5,12,2
2648890,90,prior,47,3,11,5
771208,90,prior,48,5,13,2
1439105,90,prior,49,1,12,3
1043148,90,prior,50,3,09,2
865148,90,prior,51,5,10,2
3306253,90,prior,52,3,13,5
326370,90,prior,53,5,12,2
125610,90,prior,54,1,10,3
3029731,90,prior,55,5,15,4
3298423,90,prior,56,3,10,5
1536780,90,prior,57,5,11,2
32664,90,prior,58,3,10,5
2463192,90,prior,59,5,09,2
363366,90,prior,60,3,09,5
536472,90,prior,61,5,12,2
53644,90,prior,62,1,10,3
726121,90,prior,63,5,11,4
693452,90,prior,64,3,11,5
3264150,90,prior,65,5,11,2
3308831,90,prior,66,3,09,5
2894457,90,prior,67,4,13,1
1928150,90,prior,68,1,13,4
1137431,90,prior,69,5,11,4
263949,90,prior,70,2,13,4
440272,90,prior,71,3,09,1
1318796,90,train,72,5,09,2
1444198,91,prior,1,3,14,
3235428,91,prior,2,6,09,3
1454750,91,prior,3,3,20,4
829855,91,prior,4,2,08,13
1066317,91,prior,5,4,20,9
2102793,91,prior,6,1,15,4
3215897,91,prior,7,4,12,10
1835285,91,prior,8,2,14,5
954107,91,prior,9,2,14,7
3395314,91,prior,10,6,13,11
1154612,91,prior,11,4,11,30
3253855,91,prior,12,4,14,30
2779744,91,prior,13,1,11,4
1864038,91,prior,14,6,12,5
2317062,91,prior,15,4,10,5
637547,91,train,16,1,10,11
2059881,92,prior,1,6,12,
2632124,92,prior,2,2,11,17
2999662,92,prior,3,1,15,30
266804,92,prior,4,2,13,22
840547,92,prior,5,2,08,21
2412507,92,test,6,5,09,30
2319586,93,prior,1,3,08,
1144929,93,prior,2,2,09,30
2482337,93,prior,3,5,15,30
1154181,93,prior,4,6,09,1
983132,93,prior,5,5,09,6
2852868,93,prior,6,5,09,0
1684010,93,prior,7,6,13,1
3387942,93,prior,8,0,11,1
2870621,93,prior,9,6,10,20
2432395,93,prior,10,0,12,8
2693318,93,prior,11,6,14,27
3278809,93,prior,12,6,08,14
1286484,93,prior,13,4,12,5
2926108,93,prior,14,3,19,30
1179185,93,train,15,1,10,5
1836789,94,prior,1,6,16,
3274946,94,prior,2,5,19,13
2758592,94,prior,3,3,15,30
1462074,94,prior,4,5,18,9
2161718,94,prior,5,0,17,30
1158830,94,prior,6,6,19,6
3126169,94,prior,7,6,16,14
2682963,94,prior,8,6,18,0
259674,94,prior,9,0,16,15
622677,94,test,10,6,14,30
1177946,95,prior,1,1,12,
624228,95,prior,2,3,11,9
153527,95,prior,3,5,13,30
3330998,95,prior,4,3,14,19
3401727,95,prior,5,1,15,30
343205,95,prior,6,5,14,25
3242769,95,prior,7,1,14,24
2855192,95,prior,8,5,11,11
1227088,95,train,9,5,12,21
2242366,96,prior,1,4,12,
2552220,96,prior,2,5,10,8
927478,96,prior,3,4,16,6
1997812,96,prior,4,1,10,11
1035645,96,prior,5,3,11,9
1456739,96,prior,6,1,15,12
2647486,96,prior,7,6,22,19
2716894,96,prior,8,4,22,5
1063629,96,prior,9,4,16,7
1002033,96,prior,10,6,13,9
165754,96,prior,11,0,01,8
2331962,96,prior,12,0,11,14
145694,96,prior,13,5,12,12
1411620,96,prior,14,2,15,30
3378475,96,prior,15,1,09,13
784032,96,prior,16,3,09,9
531345,96,train,17,1,11,30
1935233,97,prior,1,4,15,
1623811,97,prior,2,1,12,30
3180316,97,prior,3,6,10,30
279995,97,prior,4,0,13,22
2921005,97,prior,5,0,21,14
3178964,97,train,6,6,19,6
3131227,98,prior,1,0,14,
3031033,98,prior,2,3,21,24
2126069,98,prior,3,0,09,25
3027046,98,prior,4,4,07,11
335423,98,prior,5,4,16,21
446247,98,prior,6,0,18,30
2210120,98,prior,7,5,14,5
2389272,98,prior,8,3,13,5
681011,98,prior,9,3,09,30
465170,98,prior,10,3,17,30
2846344,98,prior,11,4,13,15
747431,98,prior,12,6,13,30
2383054,98,prior,13,4,11,30
1993729,98,prior,14,5,08,8
139487,98,test,15,6,15,30
2736359,99,prior,1,4,15,
465262,99,prior,2,4,13,14
2872285,99,prior,3,0,17,24
828701,99,prior,4,2,13,23
2216860,99,prior,5,1,11,13
1262038,99,prior,6,3,13,23
1979417,99,prior,7,2,12,13
146991,99,prior,8,3,15,29
2383703,99,prior,9,2,20,30
570913,99,prior,10,0,16,12
637147,99,prior,11,5,10,26
1176583,99,prior,12,3,15,12
114641,99,prior,13,4,16,15
319452,99,prior,14,4,16,21
3094908,99,prior,15,5,10,8
1199615,99,prior,16,5,18,7
2282647,99,prior,17,0,19,23
2326743,99,prior,18,1,08,8
1289863,99,train,19,2,11,22
680467,100,prior,1,3,18,
3159209,100,prior,2,0,15,18
2443738,100,prior,3,5,17,30
2337051,100,prior,4,3,20,30
2875733,100,prior,5,1,18,26
3302990,100,test,6,5,19,30
185725,101,prior,1,2,11,
1521207,101,prior,2,5,18,24
1510452,101,prior,3,5,18,7
2056313,101,prior,4,5,19,7
1922942,101,prior,5,5,17,21
827653,101,prior,6,0,11,30
1189661,101,prior,7,0,13,14
2952569,101,prior,8,1,11,1
1163140,101,prior,9,4,19,3
629400,101,prior,10,5,16,8
3084957,101,prior,11,4,19,20
1141217,101,prior,12,0,00,10
2067338,101,prior,13,6,12,6
2617560,101,prior,14,5,18,30
2524940,101,prior,15,3,11,12
1975106,101,prior,16,0,17,11
1370143,101,prior,17,5,14,12
749353,101,prior,18,2,12,30
1432700,101,prior,19,3,16,15
1285684,101,prior,20,0,13,4
1189294,101,test,21,5,18,26
629426,102,prior,1,3,11,
3404327,102,prior,2,6,23,24
3368457,102,prior,3,0,17,30
1931578,102,prior,4,1,12,30
2196914,102,prior,5,5,23,11
2531610,102,prior,6,5,14,30
2591641,102,train,7,0,20,30
1445214,103,prior,1,2,17,
1810651,103,prior,2,3,17,8
3188716,103,prior,3,6,16,3
1278694,103,prior,4,6,19,7
2542484,103,prior,5,2,21,10
1675251,103,prior,6,3,15,15
2056025,103,prior,7,4,14,8
801004,103,prior,8,2,16,5
1304370,103,prior,9,2,11,14
1410829,103,prior,10,5,19,3
2741554,103,prior,11,3,12,12
881051,103,prior,12,0,11,11
662830,103,prior,13,1,17,8
580626,103,prior,14,1,12,21
773400,103,prior,15,2,13,29
945140,103,prior,16,4,17,23
221085,103,prior,17,3,16,13
926418,103,train,18,2,14,20
3268912,104,prior,1,2,15,
2731714,104,prior,2,3,09,29
2461628,104,prior,3,3,09,21
1254267,104,prior,4,4,09,22
1645432,104,prior,5,1,09,4
2364180,104,train,6,4,10,10
2486885,105,prior,1,5,15,
226377,105,prior,2,0,06,30
930259,105,prior,3,5,16,12
1910840,105,prior,4,5,09,7
1731500,105,prior,5,3,11,12
3193305,105,prior,6,0,15,30
3204356,105,prior,7,1,13,30
2298088,105,train,8,3,10,30
777370,106,prior,1,6,12,
891339,106,prior,2,0,13,8
355095,106,prior,3,5,18,12
2549875,106,train,4,6,13,8
1085890,107,prior,1,6,20,
640790,107,prior,2,0,18,30
2258996,107,prior,3,4,15,4
2100808,107,prior,4,0,23,17
621852,107,prior,5,3,18,10
2796120,107,prior,6,5,22,23
1550787,107,prior,7,0,15,2
2523599,107,prior,8,1,16,29
1186285,107,prior,9,3,16,30
1984772,107,prior,10,5,20,2
81906,107,prior,11,3,14,19
2572731,107,prior,12,4,17,1
1234356,107,prior,13,3,16,6
2229163,107,prior,14,5,15,30
2091156,107,prior,15,0,15,9
1368861,107,test,16,1,18,30
2313085,108,prior,1,0,13,
2393725,108,prior,2,0,13,0
3074448,108,prior,3,1,18,15
2137209,108,prior,4,3,11,30
1503688,108,prior,5,0,17,30
2788286,108,prior,6,0,15,28
505076,108,prior,7,0,10,30
515014,108,train,8,6,15,6
1656765,109,prior,1,1,13,
304607,109,prior,2,1,12,30
1403849,109,prior,3,3,17,9
659764,109,prior,4,2,05,20
3116901,109,prior,5,0,07,26
1382150,109,prior,6,1,09,15
1997693,109,train,7,1,11,21
664643,110,prior,1,1,08,
1845708,110,prior,2,0,10,6
38772,110,prior,3,0,20,30
828368,110,prior,4,5,09,30
1402971,110,prior,5,0,08,30
1029371,110,prior,6,2,12,30
2365544,110,prior,7,0,19,5
1700665,110,prior,8,0,16,7
2940997,110,prior,9,1,13,30
1390537,110,prior,10,0,10,20
1104992,110,prior,11,3,10,3
2084000,110,prior,12,2,14,6
3135298,110,prior,13,1,16,6
1900996,110,prior,14,3,18,16
65254,110,prior,15,5,14,9
2128010,110,prior,16,3,10,26
2111594,110,prior,17,0,14,18
839252,110,prior,18,4,13,25
1862417,110,prior,19,5,15,8
2781137,110,prior,20,2,14,4
72069,110,train,21,1,10,6
1120443,111,prior,1,5,08,
2301655,111,prior,2,5,09,0
1619720,111,prior,3,6,15,30
278813,111,prior,4,5,13,27
814737,111,prior,5,6,12,30
2179090,111,prior,6,4,17,30
2552531,111,prior,7,0,10,3
3105153,111,train,8,4,11,4
631537,112,prior,1,6,11,
3386821,112,prior,2,1,14,16
1288160,112,prior,3,2,18,15
1191488,112,prior,4,2,15,14
182753,112,prior,5,4,17,9
639038,112,prior,6,0,17,3
1703258,112,prior,7,5,10,5
2036112,112,prior,8,1,13,3
952832,112,prior,9,6,15,5
1367085,112,prior,10,4,18,5
1087318,112,prior,11,2,13,5
1882807,112,prior,12,6,17,18
2077275,112,prior,13,4,13,5
3371572,112,prior,14,6,09,2
3094724,112,prior,15,2,12,3
887098,112,prior,16,4,17,2
3187305,112,prior,17,4,12,7
3171492,112,prior,18,0,16,17
443946,112,prior,19,6,09,6
102218,112,prior,20,1,15,30
1539802,112,prior,21,1,17,7
594895,112,prior,22,1,11,7
632430,112,prior,23,5,15,4
2298220,112,prior,24,0,18,2
1873854,112,prior,25,5,15,5
3378311,112,prior,26,3,11,5
3032922,112,train,27,2,18,6
2438150,113,prior,1,3,10,
77613,113,prior,2,3,22,7
1604284,113,prior,3,5,17,9
780226,113,prior,4,4,13,13
1197224,113,prior,5,5,22,22
1645824,113,train,6,5,17,30
2880454,114,prior,1,1,15,
977610,114,prior,2,0,08,6
62381,114,prior,3,0,12,7
1798152,114,prior,4,5,10,12
2759030,114,train,5,0,10,2
814015,115,prior,1,0,17,
3253442,115,prior,2,6,17,27
351263,115,prior,3,0,12,22
2895282,115,prior,4,6,17,13
226383,115,prior,5,2,18,30
3321326,115,prior,6,5,14,10
150025,115,prior,7,3,19,26
405959,115,prior,8,0,11,25
3278419,115,prior,9,4,18,4
1586517,115,prior,10,6,14,9
3347069,115,prior,11,5,14,6
2617020,115,prior,12,0,15,9
2618023,115,train,13,1,18,15
3370391,116,prior,1,0,05,
1115121,116,prior,2,0,17,14
1221109,116,prior,3,4,16,25
1765618,116,prior,4,6,06,9
3307561,116,prior,5,5,17,13
2224236,116,prior,6,1,04,10
878518,116,train,7,5,12,4
2289023,117,prior,1,3,17,
3372845,117,prior,2,1,12,30
1596327,117,prior,3,3,06,30
1255531,117,prior,4,5,14,30
2116172,117,prior,5,0,16,30
1505236,117,prior,6,5,14,5
3161671,117,prior,7,4,16,20
2017489,117,prior,8,1,12,4
1616452,117,prior,9,5,14,11
3127804,117,prior,10,4,19,30
2116043,117,prior,11,3,16,20
1438423,117,train,12,0,18,4
1823310,118,prior,1,1,09,
739071,118,prior,2,3,10,2
2874790,118,prior,3,1,09,5
2382142,118,prior,4,1,08,7
19682,118,prior,5,1,07,21
3181671,118,prior,6,1,09,28
1070257,118,prior,7,1,08,7
1446561,118,prior,8,3,08,9
218648,118,prior,9,3,08,14
991252,118,prior,10,1,14,12
933246,118,prior,11,5,12,11
2538927,118,prior,12,1,09,10
2982428,118,prior,13,1,10,7
2365876,118,prior,14,1,08,14
239491,118,prior,15,4,09,3
2375700,118,prior,16,1,08,18
3337304,118,prior,17,5,12,4
1423422,118,prior,18,1,09,17
2946645,118,prior,19,1,08,7
2827335,118,prior,20,2,12,29
3177227,118,prior,21,1,11,6
1245530,118,prior,22,1,09,7
597448,118,prior,23,2,09,22
2690698,118,prior,24,5,09,17
267575,118,prior,25,2,07,18
198257,118,prior,26,3,09,15
753212,118,prior,27,1,08,19
1248129,118,train,28,1,07,30
2268469,119,prior,1,6,13,
123124,119,prior,2,0,10,8
1776217,119,prior,3,3,14,17
461193,119,train,4,0,14,30
520620,120,prior,1,3,11,
906054,120,prior,2,4,07,15
3273029,120,prior,3,2,08,19
961032,120,train,4,2,09,30
472106,121,prior,1,0,09,
484983,121,prior,2,5,20,5
1239400,121,prior,3,1,16,30
1135686,121,prior,4,6,08,26
2410237,121,prior,5,2,15,10
542018,121,prior,6,3,16,15
3367490,121,prior,7,1,14,30
1198282,121,prior,8,1,07,21
1471550,121,prior,9,0,10,30
2929824,121,prior,10,3,16,17
2652217,121,train,11,3,06,21
2471114,122,prior,1,6,16,
2424388,122,prior,2,5,19,6
2661952,122,prior,3,6,12,1
3264447,122,prior,4,5,19,13
1275930,122,prior,5,3,22,5
1010324,122,prior,6,5,16,2
1053311,122,prior,7,5,17,0
2150851,122,prior,8,6,20,1
1802433,122,prior,9,5,00,6
1869011,122,prior,10,5,14,0
2661036,122,prior,11,6,19,8
2887923,122,prior,12,0,18,1
3267671,122,prior,13,3,20,3
2456894,122,prior,14,6,21,10
3058818,122,prior,15,3,18,4
1040862,122,prior,16,0,02,4
1521844,122,prior,17,3,11,3
2646970,122,prior,18,4,10,8
3325402,122,prior,19,4,00,28
829667,122,prior,20,5,16,8
1795037,122,prior,21,6,20,1
3242045,122,prior,22,4,04,5
1330087,122,prior,23,5,18,8
1078221,122,prior,24,6,20,22
3171246,122,prior,25,3,13,18
2300049,122,prior,26,0,13,4
2764263,122,prior,27,1,14,29
1200312,122,prior,28,3,20,2
3024894,122,prior,29,4,13,22
1626588,122,test,30,6,17,30
1295374,123,prior,1,0,20,
3195364,123,prior,2,0,09,30
1186542,123,prior,3,3,20,30
610689,123,prior,4,0,12,30
480866,123,prior,5,4,12,30
334645,123,prior,6,2,17,19
495419,123,prior,7,0,13,30
319358,123,prior,8,4,20,11
2362500,123,prior,9,4,20,7
1906256,123,prior,10,0,11,17
1721370,123,train,11,0,11,0
1318740,124,prior,1,0,22,
490161,124,prior,2,2,10,30
2638175,124,prior,3,1,10,6
1660930,124,prior,4,1,10,7
1923886,124,prior,5,1,08,7
3051829,124,prior,6,1,09,21
3014528,124,prior,7,1,08,21
2776620,124,prior,8,1,08,14
2733614,124,train,9,1,08,21
1862783,125,prior,1,3,11,
2252217,125,prior,2,6,09,10
1007668,125,prior,3,4,09,12
2679779,125,prior,4,5,07,30
450446,125,prior,5,6,06,8
138463,125,prior,6,6,14,14
1120875,125,prior,7,6,12,7
1156921,125,prior,8,1,08,16
225127,125,prior,9,0,11,13
2431126,125,prior,10,0,09,7
2815527,125,prior,11,0,11,7
3283870,125,prior,12,2,12,9
3060658,125,prior,13,4,16,9
1543042,125,train,14,1,19,11
1747819,126,prior,1,6,11,
1020546,126,prior,2,1,17,30
1480579,126,prior,3,0,10,30
1537356,126,prior,4,6,11,30
1107715,126,prior,5,6,14,21
1879545,126,prior,6,0,08,30
2117732,126,prior,7,0,13,30
33119,126,prior,8,0,12,7
2452141,126,prior,9,0,10,28
32138,126,prior,10,0,15,21
36863,126,test,11,0,10,14
1308139,127,prior,1,1,11,
1603251,127,prior,2,6,19,12
1552720,127,prior,3,1,18,9
1795614,127,prior,4,0,10,20
1564919,127,prior,5,1,20,8
1902378,127,prior,6,0,17,6
1220721,127,prior,7,3,19,10
3405938,127,prior,8,3,19,7
2550153,127,prior,9,3,20,7
1916882,127,prior,10,0,11,18
2959300,127,prior,11,0,20,7
986125,127,prior,12,0,13,7
1626985,127,prior,13,3,20,10
1992222,127,prior,14,3,19,21
2842375,127,prior,15,3,19,14
886256,127,prior,16,0,19,30
1964699,127,prior,17,6,10,6
969538,127,test,18,2,18,30
1829768,128,prior,1,0,07,
288174,128,prior,2,6,12,30
2519124,128,prior,3,3,18,18
2559357,128,prior,4,0,19,18
2402501,128,prior,5,1,20,1
2999897,128,prior,6,0,15,30
3098585,128,prior,7,5,19,5
186826,128,prior,8,1,13,30
3382475,128,prior,9,0,18,30
1905981,128,prior,10,6,09,13
2790818,128,prior,11,0,20,1
1095948,128,train,12,4,16,4
1362636,129,prior,1,1,19,
3203486,129,prior,2,2,15,1
1579752,129,prior,3,2,16,7
491636,129,prior,4,1,18,13
2609568,129,prior,5,1,18,30
341706,129,prior,6,4,18,3
732734,129,prior,7,1,19,4
584267,129,prior,8,4,18,3
59226,129,prior,9,0,18,3
572034,129,prior,10,3,17,10
1019891,129,prior,11,4,16,1
688716,129,test,12,3,13,30
1124555,130,prior,1,5,13,
319917,130,prior,2,5,12,30
2111339,130,prior,3,5,12,30
2437480,130,train,4,3,12,12
159796,131,prior,1,3,14,
2870337,131,prior,2,3,10,30
47897,131,prior,3,6,08,10
690515,131,prior,4,0,13,22
1332290,131,prior,5,2,11,16
122158,131,prior,6,6,09,11
1992658,131,prior,7,6,11,28
1361399,131,prior,8,2,08,24
380942,131,prior,9,3,10,15
2106151,131,train,10,0,09,18
1350313,132,prior,1,2,09,
2005455,132,prior,2,2,12,7
1331186,132,prior,3,5,09,3
2945874,132,prior,4,5,07,7
419704,132,prior,5,0,19,2
1271491,132,prior,6,2,16,2
1658862,132,prior,7,6,08,4
1649249,132,prior,8,0,08,1
2149749,132,prior,9,2,07,2
1714411,132,prior,10,3,12,1
1264035,132,prior,11,0,10,4
1725511,132,prior,12,3,08,3
1175812,132,prior,13,2,08,6
647862,132,prior,14,5,09,3
3407614,132,prior,15,1,07,3
2425937,132,prior,16,3,08,2
88224,132,prior,17,1,09,5
128294,132,prior,18,0,16,6
2828876,132,prior,19,2,17,2
50139,132,prior,20,5,08,3
3054588,132,prior,21,1,07,3
1068230,132,prior,22,3,22,2
214385,132,prior,23,4,21,1
125426,132,prior,24,2,18,5
2887138,132,train,25,0,12,5
3187763,133,prior,1,4,19,
107326,133,prior,2,6,18,2
2871952,133,prior,3,4,01,19
2267932,133,prior,4,0,12,10
577963,133,prior,5,1,22,1
2203695,133,prior,6,0,09,6
2964641,133,prior,7,5,12,5
1517475,133,prior,8,1,12,3
1846465,133,prior,9,4,12,3
3317319,133,prior,10,5,12,8
241592,133,prior,11,3,13,5
1551488,133,prior,12,3,21,7
1686324,133,prior,13,0,12,11
560536,133,prior,14,1,01,8
1522988,133,prior,15,4,01,3
836046,133,prior,16,3,02,6
3306184,133,prior,17,4,03,8
670203,133,prior,18,2,03,5
3394074,133,prior,19,2,15,7
2087698,133,prior,20,1,21,6
1058680,133,test,21,4,00,10
3081012,134,prior,1,6,12,
603841,134,prior,2,6,11,21
2913221,134,prior,3,6,12,7
2565512,134,prior,4,0,09,15
1708250,134,prior,5,0,12,30
463775,134,prior,6,4,00,30
831748,134,test,7,1,10,30
3204695,135,prior,1,3,19,
3264360,135,prior,2,2,21,13
892534,135,prior,3,0,08,12
2703626,135,prior,4,4,16,11
3001617,135,train,5,0,17,17
1060257,136,prior,1,1,08,
62071,136,prior,2,0,15,6
2796410,136,prior,3,0,11,7
3178064,136,prior,4,1,12,29
2710859,136,test,5,1,15,21
2589465,137,prior,1,3,20,
936521,137,prior,2,6,12,30
2873731,137,prior,3,6,16,30
16785,137,prior,4,0,14,29
903981,137,prior,5,6,14,30
2829213,137,prior,6,0,01,8
1500625,137,test,7,6,15,6
3160996,138,prior,1,5,13,
930730,138,prior,2,0,12,9
1421595,138,prior,3,2,09,9
1433006,138,prior,4,0,11,5
1592314,138,prior,5,0,09,14
3052988,138,prior,6,0,06,7
1986630,138,prior,7,0,12,7
2823056,138,prior,8,6,14,6
505689,138,prior,9,6,12,7
2254091,138,prior,10,5,14,6
228295,138,prior,11,0,12,2
2138731,138,prior,12,6,15,6
28517,138,prior,13,6,14,7
2526903,138,prior,14,0,15,8
1593782,138,prior,15,6,11,6
307762,138,prior,16,0,11,8
960220,138,prior,17,5,14,19
1154289,138,prior,18,1,07,3
1898191,138,prior,19,2,08,30
1972635,138,prior,20,6,20,18
1512043,138,prior,21,0,15,8
323780,138,prior,22,2,15,16
894221,138,prior,23,5,13,24
2027699,138,prior,24,1,10,24
703615,138,prior,25,3,11,2
2226790,138,prior,26,5,12,9
2206168,138,prior,27,3,18,30
3139998,138,prior,28,6,11,3
1854193,138,prior,29,0,14,22
1977647,138,prior,30,6,17,20
1069065,138,prior,31,2,07,10
2329217,138,prior,32,5,20,10
455775,138,train,33,6,12,1
3220002,139,prior,1,3,17,
2610428,139,prior,2,5,17,9
1515111,139,prior,3,3,19,5
1296919,139,prior,4,2,19,6
2233425,139,train,5,2,11,30
